2024-11-01_09-14-59,000%,2024-11-01_09-14-59:shell.cpp.log
2024-11-01_09-52-06,000%,2024-11-01_09-52-06:shell.cpp.log
2024-11-01_09-52-31,000%,2024-11-01_09-52-06:shell.cpp.log
2024-11-01_10-01-05,000%,2024-11-01_09-52-06:shell.cpp.log
2024-11-01_10-02-34,000%,2024-11-01_09-52-06:shell.cpp.log
2024-11-01_10-03-39,000%,2024-11-01_10-03-39:shell.cpp.log
2024-11-01_10-12-17,000%,2024-11-01_10-12-17:shell.cpp.log
2024-11-01_10-12-37,000%,2024-11-01_10-12-37:shell.cpp.log
2024-11-01_10-42-42,000%,2024-11-01_10-12-37:shell.cpp.log
2024-11-01_10-51-23,COMP,2024-11-01_10-12-37:shell.cpp.log
2024-11-01_10-52-12,000%,2024-11-01_10-12-37:shell.cpp.log
2024-11-01_10-52-54,250%,2024-11-01_10-12-37:shell.cpp.log
2024-11-01_10-53-19,250%,2024-11-01_10-12-37:shell.cpp.log
2024-11-01_10-53-34,250%,2024-11-01_10-12-37:shell.cpp.log
2024-11-01_10-55-46,250%,2024-11-01_10-12-37:shell.cpp.log
2024-11-01_10-56-03,500%,2024-11-01_10-12-37:shell.cpp.log
2024-11-01_10-58-23,500%,2024-11-01_10-12-37:shell.cpp.log
2024-11-01_10-59-30,100%,2024-11-01_10-12-37:shell.cpp.log
2024-11-01_13-29-36,100%,2024-11-01_10-12-37:shell.cpp.log
2024-11-01_13-40-16,100%,2024-11-01_10-12-37:shell.cpp.log
2024-11-01_13-40-19,100%,2024-11-01_10-12-37:shell.cpp.log
2024-11-01_18-31-09,100%,2024-11-01_10-12-37:shell.cpp.log
