2024-11-07_11-02-30,COMP,2024-11-07_11-02-30:shell.cpp.log
2024-11-07_11-04-09,COMP,2024-11-07_11-02-30:shell.cpp.log
2024-11-07_11-05-05,COMP,2024-11-07_11-02-30:shell.cpp.log
2024-11-07_11-05-33,260%,2024-11-07_11-02-30:shell.cpp.log
2024-11-07_11-06-30,330%,2024-11-07_11-02-30:shell.cpp.log
2024-11-07_11-07-19,660%,2024-11-07_11-02-30:shell.cpp.log
2024-11-07_11-08-06,260%,2024-11-07_11-02-30:shell.cpp.log
2024-11-07_11-08-16,660%,2024-11-07_11-02-30:shell.cpp.log
2024-11-07_11-10-39,260%,2024-11-07_11-02-30:shell.cpp.log
2024-11-07_11-11-52,730%,2024-11-07_11-02-30:shell.cpp.log
2024-11-07_11-14-18,730%,2024-11-07_11-02-30:shell.cpp.log
2024-11-07_11-16-50,730%,2024-11-07_11-02-30:shell.cpp.log
2024-11-07_11-17-17,530%,2024-11-07_11-02-30:shell.cpp.log
2024-11-07_11-17-31,730%,2024-11-07_11-02-30:shell.cpp.log
2024-11-07_11-21-12,860%,2024-11-07_11-02-30:shell.cpp.log
2024-11-07_11-21-33,860%,2024-11-07_11-02-30:shell.cpp.log
2024-11-07_11-22-52,860%,2024-11-07_11-02-30:shell.cpp.log
2024-11-07_11-28-10,330%,2024-11-07_11-02-30:shell.cpp.log
2024-11-07_11-28-39,330%,2024-11-07_11-02-30:shell.cpp.log
2024-11-07_11-29-14,930%,2024-11-07_11-02-30:shell.cpp.log
2024-11-07_11-29-52,100%,2024-11-07_11-02-30:shell.cpp.log
