2024-11-05_11-27-48,COMP,2024-11-05_11-27-48:shell.cpp.log
2024-11-05_11-28-40,COMP,2024-11-05_11-27-48:shell.cpp.log
2024-11-05_11-29-05,COMP,2024-11-05_11-27-48:shell.cpp.log
2024-11-05_11-30-07,COMP,2024-11-05_11-27-48:shell.cpp.log
2024-11-05_11-30-51,000%,2024-11-05_11-27-48:shell.cpp.log
2024-11-05_11-31-21,000%,2024-11-05_11-27-48:shell.cpp.log
2024-11-05_12-38-55,000%,2024-11-05_11-27-48:shell.cpp.log
2024-11-05_12-40-56,000%,2024-11-05_11-27-48:shell.cpp.log
2024-11-05_12-41-07,700%,2024-11-05_11-27-48:shell.cpp.log
2024-11-05_12-42-32,700%,2024-11-05_11-27-48:shell.cpp.log
2024-11-05_12-44-00,COMP,2024-11-05_11-27-48:shell.cpp.log
2024-11-05_12-44-42,700%,2024-11-05_11-27-48:shell.cpp.log
2024-11-05_12-45-15,800%,2024-11-05_11-27-48:shell.cpp.log
2024-11-05_12-47-00,800%,2024-11-05_11-27-48:shell.cpp.log
2024-11-05_12-53-09,700%,2024-11-05_11-27-48:shell.cpp.log
2024-11-05_12-53-44,800%,2024-11-05_11-27-48:shell.cpp.log
2024-11-05_12-54-16,800%,2024-11-05_11-27-48:shell.cpp.log
2024-11-05_12-54-18,FREE,2024-11-05_11-27-48:shell.cpp.log
2024-11-05_12-54-27,800%,2024-11-05_11-27-48:shell.cpp.log
2024-11-05_12-59-23,800%,2024-11-05_11-27-48:shell.cpp.log
2024-11-05_13-01-37,800%,2024-11-05_11-27-48:shell.cpp.log
2024-11-05_13-02-31,900%,2024-11-05_11-27-48:shell.cpp.log
2024-11-05_14-20-09,800%,2024-11-05_11-27-48:shell.cpp.log
2024-11-05_14-21-33,900%,2024-11-05_11-27-48:shell.cpp.log
2024-11-05_14-21-52,900%,2024-11-05_11-27-48:shell.cpp.log
2024-11-05_14-22-41,900%,2024-11-05_11-27-48:shell.cpp.log
2024-11-05_14-24-08,900%,2024-11-05_11-27-48:shell.cpp.log
2024-11-05_14-24-26,900%,2024-11-05_11-27-48:shell.cpp.log
2024-11-05_14-26-17,100%,2024-11-05_11-27-48:shell.cpp.log
